suburb,address,sale_date,sale_price,source_url,listing_url,retrieved_on,collection_method,original_property_type,displayed_area_sqm,displayed_area_definition,detail_price_date_matched,manual_review_completed,notes
Blacktown,94 Lancelot Street,2026-08-18,950000,https://www.realestate.com.au/sold/in-blacktown/list-1,https://www.realestate.com.au/sold/property-house-nsw-blacktown-151814988,2026-09-17,AI-assisted extraction of public web pages,House,562.7,unlabelled result-card area,true,True,"Unlisted parking is missing, not zero. Manually reviewed against the recorded source by the student."
Blacktown,5 Ajax Place,2026-08-17,1000000,https://www.realestate.com.au/sold/in-blacktown/list-1,https://www.realestate.com.au/sold/property-house-nsw-blacktown-151708676,2026-09-17,AI-assisted extraction of public web pages,House,,,true,True,"Unlisted parking is missing, not zero. Manually reviewed against the recorded source by the student."
Blacktown,41 Anthony Street,2026-08-17,910000,https://www.realestate.com.au/sold/in-blacktown/list-1,https://www.realestate.com.au/sold/property-house-nsw-blacktown-151862164,2026-09-17,AI-assisted extraction of public web pages,House,,,true,True,"Unlisted parking is missing, not zero. Manually reviewed against the recorded source by the student."
Blacktown,49/8-18 Wallace Street,2026-08-17,465000,https://www.realestate.com.au/sold/in-blacktown/list-1,,2026-09-17,AI-assisted extraction of public web pages,Apartment,,,false,True,"Unlisted parking is missing, not zero. Strata land may be shared site area. Manually reviewed against the recorded source by the student."
Blacktown,36/130 Main Street,2026-08-17,443000,https://www.realestate.com.au/sold/in-blacktown/list-1,https://www.realestate.com.au/sold/property-apartment-nsw-blacktown-150091800,2026-09-17,AI-assisted extraction of public web pages,Apartment,,,true,True,"Unlisted parking is missing, not zero. Strata land may be shared site area. Manually reviewed against the recorded source by the student."
Blacktown,45 & 45a Dina Beth Avenue,2026-08-14,1250000,https://www.realestate.com.au/sold/in-blacktown/list-1,https://www.realestate.com.au/sold/property-house-nsw-blacktown-151561636,2026-09-17,AI-assisted extraction of public web pages,House,,,true,True,"Unlisted parking is missing, not zero. Manually reviewed against the recorded source by the student."
Blacktown,2/31 Third Avenue,2026-08-13,380000,https://www.realestate.com.au/sold/in-blacktown/list-1,https://www.realestate.com.au/sold/property-unit-nsw-blacktown-151722016,2026-09-17,AI-assisted extraction of public web pages,Unit,,,true,True,"Unlisted parking is missing, not zero. Strata land may be shared site area. Manually reviewed against the recorded source by the student."
Blacktown,24/45 Bungarribee Road,2026-08-12,750000,https://www.realestate.com.au/sold/in-blacktown/list-1,,2026-09-17,AI-assisted extraction of public web pages,Townhouse,,,false,True,"Unlisted parking is missing, not zero. Manually reviewed against the recorded source by the student."
Blacktown,12 Glamorgan Street,2026-08-11,1030000,https://www.realestate.com.au/sold/in-blacktown/list-1,,2026-09-17,AI-assisted extraction of public web pages,House,556,unlabelled result-card area,false,True,"Unlisted parking is missing, not zero. Manually reviewed against the recorded source by the student."
Blacktown,41 Burrell Parade,2026-08-11,960000,https://www.realestate.com.au/sold/in-blacktown/list-1,https://www.realestate.com.au/sold/property-house-nsw-blacktown-151589056,2026-09-17,AI-assisted extraction of public web pages,House,556,unlabelled result-card area,true,True,"Unlisted parking is missing, not zero. Manually reviewed against the recorded source by the student."
Blacktown,307/11-13 Clifton Street,2026-08-11,575000,https://www.realestate.com.au/sold/in-blacktown/list-1,,2026-09-17,AI-assisted extraction of public web pages,Apartment,,,false,True,"Unlisted parking is missing, not zero. Strata land may be shared site area. Manually reviewed against the recorded source by the student."
Blacktown,9/8-18 Wallace Street,2026-08-11,491000,https://www.realestate.com.au/sold/in-blacktown/list-1,,2026-09-17,AI-assisted extraction of public web pages,Apartment,,,false,True,"Unlisted parking is missing, not zero. Strata land may be shared site area. Manually reviewed against the recorded source by the student."
Blacktown,24 Twilight Crescent,2026-08-10,1024000,https://www.realestate.com.au/sold/in-blacktown/list-1,https://www.realestate.com.au/sold/property-house-nsw-blacktown-151497684,2026-09-17,AI-assisted extraction of public web pages,House,,,true,True,"Unlisted parking is missing, not zero. Manually reviewed against the recorded source by the student."
Blacktown,57 Walters Road,2026-08-08,1221000,https://www.realestate.com.au/sold/in-blacktown/list-1,https://www.realestate.com.au/sold/property-house-nsw-blacktown-151780948,2026-09-17,AI-assisted extraction of public web pages,House,835,unlabelled result-card area,true,True,"Unlisted parking is missing, not zero. Manually reviewed against the recorded source by the student."
Blacktown,59 Walters Road,2026-08-08,900000,https://www.realestate.com.au/sold/in-blacktown/list-1,,2026-09-17,AI-assisted extraction of public web pages,House,562,unlabelled result-card area,false,True,"Unlisted parking is missing, not zero. Manually reviewed against the recorded source by the student."
Blacktown,29/17-19 Third Avenue,2026-08-07,455000,https://www.realestate.com.au/sold/in-blacktown/list-1,,2026-09-17,AI-assisted extraction of public web pages,Apartment,,,false,True,"Unlisted parking is missing, not zero. Strata land may be shared site area. Manually reviewed against the recorded source by the student."
Blacktown,12 Siebel Street,2026-08-05,1080000,https://www.realestate.com.au/sold/in-blacktown/list-1,,2026-09-17,AI-assisted extraction of public web pages,House,560,unlabelled result-card area,false,True,"Unlisted parking is missing, not zero. Manually reviewed against the recorded source by the student."
Blacktown,4/313 Flushcombe Road,2026-08-05,920000,https://www.realestate.com.au/sold/in-blacktown/list-1,https://www.realestate.com.au/sold/property-townhouse-nsw-blacktown-151056100,2026-09-17,AI-assisted extraction of public web pages,Townhouse,236,unlabelled result-card area,true,True,"Unlisted parking is missing, not zero. Manually reviewed against the recorded source by the student."
Blacktown,61/7 Griffiths Street,2026-08-05,410000,https://www.realestate.com.au/sold/in-blacktown/list-1,https://www.realestate.com.au/sold/property-unit-nsw-blacktown-151754320,2026-09-17,AI-assisted extraction of public web pages,Unit,84,unlabelled result-card area,true,True,"Unlisted parking is missing, not zero. Strata land may be shared site area. Manually reviewed against the recorded source by the student."
Blacktown,5 Aliberti Drive,2026-08-03,1060000,https://www.realestate.com.au/sold/in-blacktown/list-1,https://www.realestate.com.au/sold/property-house-nsw-blacktown-151115652,2026-09-17,AI-assisted extraction of public web pages,House,441.5,unlabelled result-card area,true,True,"Unlisted parking is missing, not zero. Manually reviewed against the recorded source by the student."
Blacktown,12/15 DEVITT STREET,2026-08-03,465000,https://www.realestate.com.au/sold/in-blacktown/list-1,https://www.realestate.com.au/sold/property-unit-nsw-blacktown-151411468,2026-09-17,AI-assisted extraction of public web pages,Unit,,,true,True,"Unlisted parking is missing, not zero. Strata land may be shared site area. Manually reviewed against the recorded source by the student."
Blacktown,34/25 Mantaka Street,2026-08-03,432000,https://www.realestate.com.au/sold/in-blacktown/list-1,https://www.realestate.com.au/sold/property-apartment-nsw-blacktown-151301160,2026-09-17,AI-assisted extraction of public web pages,Apartment,61,unlabelled result-card area,true,True,"Unlisted parking is missing, not zero. Strata land may be shared site area. Manually reviewed against the recorded source by the student."
Blacktown,59 Lancaster Street,2026-07-31,900000,https://www.realestate.com.au/sold/in-blacktown/list-1,https://www.realestate.com.au/sold/property-house-nsw-blacktown-151619392,2026-09-17,AI-assisted extraction of public web pages,House,600.7,unlabelled result-card area,true,True,"Unlisted parking is missing, not zero. Manually reviewed against the recorded source by the student."
Blacktown,68 Eggleton Street,2026-07-30,900000,https://www.realestate.com.au/sold/in-blacktown/list-1,https://www.realestate.com.au/sold/property-house-nsw-blacktown-151309196,2026-09-17,AI-assisted extraction of public web pages,House,600,unlabelled result-card area,true,True,"Unlisted parking is missing, not zero. Manually reviewed against the recorded source by the student."
Blacktown,53 Pelleas Street,2026-07-29,1700000,https://www.realestate.com.au/sold/in-blacktown/list-1,https://www.realestate.com.au/sold/property-house-nsw-blacktown-151489892,2026-09-17,AI-assisted extraction of public web pages,House,584,unlabelled result-card area,true,True,"Unlisted parking is missing, not zero. Manually reviewed against the recorded source by the student."
Blacktown,42 Burke Street,2026-09-11,1260000,https://www.realestate.com.au/sold/property-house-in-blacktown%2C%2Bnsw/list-1,https://www.realestate.com.au/sold/property-house-nsw-blacktown-151994180,2026-09-17,AI-assisted extraction of public web pages,House,,,true,True,"Unlisted parking is missing, not zero. Manually reviewed against the recorded source by the student."
Blacktown,52 Balmoral Street,2026-09-08,1300000,https://www.realestate.com.au/sold/property-house-in-blacktown%2C%2Bnsw/list-1,,2026-09-17,AI-assisted extraction of public web pages,House,696.77,unlabelled result-card area,false,True,"Unlisted parking is missing, not zero. Manually reviewed against the recorded source by the student."
Blacktown,9 Kirkman Road,2026-09-03,1070000,https://www.realestate.com.au/sold/property-house-in-blacktown%2C%2Bnsw/list-1,https://www.realestate.com.au/sold/property-house-nsw-blacktown-152024064,2026-09-17,AI-assisted extraction of public web pages,House,638,unlabelled result-card area,true,True,"Unlisted parking is missing, not zero. Manually reviewed against the recorded source by the student."
Blacktown,17 Carinya Street,2026-09-01,1600000,https://www.realestate.com.au/sold/property-house-in-blacktown%2C%2Bnsw/list-1,https://www.realestate.com.au/sold/property-house-nsw-blacktown-151555988,2026-09-17,AI-assisted extraction of public web pages,House,1182.4,unlabelled result-card area,true,True,"Unlisted parking is missing, not zero. Manually reviewed against the recorded source by the student."
Blacktown,38-38A Burrell Parade,2026-08-28,1480000,https://www.realestate.com.au/sold/property-house-in-blacktown%2C%2Bnsw/list-1,,2026-09-17,AI-assisted extraction of public web pages,House,563,unlabelled result-card area,false,True,"Unlisted parking is missing, not zero. Manually reviewed against the recorded source by the student."
Blacktown,39 Burke Street,2026-08-26,1500000,https://www.realestate.com.au/sold/property-house-in-blacktown%2C%2Bnsw/list-1,https://www.realestate.com.au/sold/property-house-nsw-blacktown-151775940,2026-09-17,AI-assisted extraction of public web pages,House,,,true,True,"Unlisted parking is missing, not zero. Manually reviewed against the recorded source by the student."
Blacktown,19 Stephen Street,2026-08-26,1062500,https://www.realestate.com.au/sold/property-house-in-blacktown%2C%2Bnsw/list-1,https://www.realestate.com.au/sold/property-house-nsw-blacktown-152017640,2026-09-17,AI-assisted extraction of public web pages,House,575.4,unlabelled result-card area,true,True,"Unlisted parking is missing, not zero. Manually reviewed against the recorded source by the student."
Blacktown,130 Bungarribee Road,2026-08-24,1150000,https://www.realestate.com.au/sold/property-house-in-blacktown%2C%2Bnsw/list-1,,2026-09-17,AI-assisted extraction of public web pages,House,670,unlabelled result-card area,false,True,"Unlisted parking is missing, not zero. Manually reviewed against the recorded source by the student."
Blacktown,36 Bedford Road,2026-08-24,1007500,https://www.realestate.com.au/sold/property-house-in-blacktown%2C%2Bnsw/list-1,https://www.realestate.com.au/sold/property-house-nsw-blacktown-151912132,2026-09-17,AI-assisted extraction of public web pages,House,651,unlabelled result-card area,true,True,"Unlisted parking is missing, not zero. Manually reviewed against the recorded source by the student."
Blacktown,13 Lancaster Street,2026-08-22,1900000,https://www.realestate.com.au/sold/property-house-in-blacktown%2C%2Bnsw/list-1,https://www.realestate.com.au/sold/property-house-nsw-blacktown-151888376,2026-09-17,AI-assisted extraction of public web pages,House,739.8,unlabelled result-card area,true,True,"Unlisted parking is missing, not zero. Manually reviewed against the recorded source by the student."
Parramatta,C26/88-98 Marsden Street,2026-08-27,552000,https://www.realestate.com.au/sold/in-parramatta%2Bnsw%2B2150/list-1,https://www.realestate.com.au/sold/property-unit-nsw-parramatta-151576280,2026-09-17,AI-assisted extraction of public web pages,Unit,,,true,True,"Unlisted parking is missing, not zero. Strata land may be shared site area. Manually reviewed against the recorded source by the student."
Parramatta,15/1 Good Street,2026-08-27,480000,https://www.realestate.com.au/sold/in-parramatta%2Bnsw%2B2150/list-1,https://www.realestate.com.au/sold/property-apartment-nsw-parramatta-150473796,2026-09-17,AI-assisted extraction of public web pages,Apartment,,,true,True,"Unlisted parking is missing, not zero. Strata land may be shared site area. Manually reviewed against the recorded source by the student."
Parramatta,1417/32 Hunter Street (AKA 1417/45 Macquarie St),2026-08-25,560000,https://www.realestate.com.au/sold/in-parramatta%2Bnsw%2B2150/list-1,https://www.realestate.com.au/sold/property-apartment-nsw-parramatta-149992300,2026-09-17,AI-assisted extraction of public web pages,Apartment,76,unlabelled result-card area,true,True,"Unlisted parking is missing, not zero. Strata land may be shared site area. Manually reviewed against the recorded source by the student."
Parramatta,16L/15 Campbell Street,2026-08-25,405000,https://www.realestate.com.au/sold/in-parramatta%2Bnsw%2B2150/list-1,https://www.realestate.com.au/sold/property-apartment-nsw-parramatta-151956248,2026-09-17,AI-assisted extraction of public web pages,Apartment,,,true,True,"Unlisted parking is missing, not zero. Strata land may be shared site area. Manually reviewed against the recorded source by the student."
Parramatta,805/21 Hassall Street,2026-08-24,410000,https://www.realestate.com.au/sold/in-parramatta%2Bnsw%2B2150/list-1,,2026-09-17,AI-assisted extraction of public web pages,Apartment,,,false,True,"Unlisted parking is missing, not zero. Strata land may be shared site area. Manually reviewed against the recorded source by the student."
Parramatta,1502/88 Church Street,2026-08-21,800000,https://www.realestate.com.au/sold/in-parramatta%2Bnsw%2B2150/list-1,https://www.realestate.com.au/sold/property-apartment-nsw-parramatta-151713296,2026-09-17,AI-assisted extraction of public web pages,Apartment,,,true,True,"Unlisted parking is missing, not zero. Strata land may be shared site area. Manually reviewed against the recorded source by the student."
Parramatta,41/3 Good Street,2026-08-21,641000,https://www.realestate.com.au/sold/in-parramatta%2Bnsw%2B2150/list-1,https://www.realestate.com.au/sold/property-apartment-nsw-parramatta-151643420,2026-09-17,AI-assisted extraction of public web pages,Apartment,132,unlabelled result-card area,true,True,"Unlisted parking is missing, not zero. Strata land may be shared site area. Manually reviewed against the recorded source by the student."
Parramatta,219/88 Church Street,2026-08-21,600000,https://www.realestate.com.au/sold/in-parramatta%2Bnsw%2B2150/list-1,https://www.realestate.com.au/sold/property-apartment-nsw-parramatta-151458016,2026-09-17,AI-assisted extraction of public web pages,Apartment,72,unlabelled result-card area,true,True,"Unlisted parking is missing, not zero. Strata land may be shared site area. Manually reviewed against the recorded source by the student."
Parramatta,401/8 River Road,2026-08-21,550000,https://www.realestate.com.au/sold/in-parramatta%2Bnsw%2B2150/list-1,https://www.realestate.com.au/sold/property-apartment-nsw-parramatta-150842684,2026-09-17,AI-assisted extraction of public web pages,Apartment,,,true,True,"Unlisted parking is missing, not zero. Strata land may be shared site area. Manually reviewed against the recorded source by the student."
Parramatta,11/22-24 Tennyson Street,2026-08-17,650000,https://www.realestate.com.au/sold/in-parramatta%2Bnsw%2B2150/list-1,https://www.realestate.com.au/sold/property-apartment-nsw-parramatta-150736304,2026-09-17,AI-assisted extraction of public web pages,Apartment,,,true,True,"Unlisted parking is missing, not zero. Strata land may be shared site area. Manually reviewed against the recorded source by the student."
Parramatta,53/20 Victoria Road,2026-08-13,640000,https://www.realestate.com.au/sold/in-parramatta%2Bnsw%2B2150/list-1,https://www.realestate.com.au/sold/property-apartment-nsw-parramatta-151449756,2026-09-17,AI-assisted extraction of public web pages,Apartment,122,unlabelled result-card area,true,True,"Unlisted parking is missing, not zero. Strata land may be shared site area. Manually reviewed against the recorded source by the student."
Parramatta,2/1-7 Bobart Street,2026-08-12,780000,https://www.realestate.com.au/sold/in-parramatta%2Bnsw%2B2150/list-1,https://www.realestate.com.au/sold/property-townhouse-nsw-parramatta-151891468,2026-09-17,AI-assisted extraction of public web pages,Townhouse,251,unlabelled result-card area,true,True,"Unlisted parking is missing, not zero. Manually reviewed against the recorded source by the student."
Parramatta,3637/180 George Street,2026-08-12,623000,https://www.realestate.com.au/sold/in-parramatta%2Bnsw%2B2150/list-1,https://www.realestate.com.au/sold/property-apartment-nsw-parramatta-151815704,2026-09-17,AI-assisted extraction of public web pages,Apartment,,,true,True,"Unlisted parking is missing, not zero. Strata land may be shared site area. Manually reviewed against the recorded source by the student."
Parramatta,5/5 Thomas Street,2026-08-12,530000,https://www.realestate.com.au/sold/in-parramatta%2Bnsw%2B2150/list-1,https://www.realestate.com.au/sold/property-unit-nsw-parramatta-151912828,2026-09-17,AI-assisted extraction of public web pages,Unit,81,unlabelled result-card area,true,True,"Unlisted parking is missing, not zero. Strata land may be shared site area. Manually reviewed against the recorded source by the student."
Parramatta,3/11 O'Reilly Street,2026-08-11,657000,https://www.realestate.com.au/sold/in-parramatta%2Bnsw%2B2150/list-1,https://www.realestate.com.au/sold/property-unit-nsw-parramatta-151435964,2026-09-17,AI-assisted extraction of public web pages,Unit,145,unlabelled result-card area,true,True,"Unlisted parking is missing, not zero. Strata land may be shared site area. Manually reviewed against the recorded source by the student."
Parramatta,1001/1A Morton Street,2026-08-07,635000,https://www.realestate.com.au/sold/in-parramatta%2Bnsw%2B2150/list-1,,2026-09-17,AI-assisted extraction of public web pages,Apartment,127,unlabelled result-card area,false,True,"Unlisted parking is missing, not zero. Strata land may be shared site area. Manually reviewed against the recorded source by the student."
Parramatta,4/39 Great Western Highway,2026-08-07,560000,https://www.realestate.com.au/sold/in-parramatta%2Bnsw%2B2150/list-1,https://www.realestate.com.au/sold/property-unit-nsw-parramatta-151700640,2026-09-17,AI-assisted extraction of public web pages,Unit,,,true,True,"Unlisted parking is missing, not zero. Strata land may be shared site area. Manually reviewed against the recorded source by the student."
Parramatta,5/13 Queens Avenue,2026-08-07,435000,https://www.realestate.com.au/sold/in-parramatta%2Bnsw%2B2150/list-1,https://www.realestate.com.au/sold/property-apartment-nsw-parramatta-151516112,2026-09-17,AI-assisted extraction of public web pages,Apartment,,,true,True,"Unlisted parking is missing, not zero. Strata land may be shared site area. Manually reviewed against the recorded source by the student."
Parramatta,902/22 Charles Street,2026-08-07,400000,https://www.realestate.com.au/sold/in-parramatta%2Bnsw%2B2150/list-1,https://www.realestate.com.au/sold/property-unit-nsw-parramatta-151414292,2026-09-17,AI-assisted extraction of public web pages,Unit,81,unlabelled result-card area,true,True,"Unlisted parking is missing, not zero. Strata land may be shared site area. Manually reviewed against the recorded source by the student."
Parramatta,404/23 Hassall Street,2026-08-04,680000,https://www.realestate.com.au/sold/in-parramatta%2Bnsw%2B2150/list-1,https://www.realestate.com.au/sold/property-apartment-nsw-parramatta-151176520,2026-09-17,AI-assisted extraction of public web pages,Apartment,124,unlabelled result-card area,true,True,"Unlisted parking is missing, not zero. Strata land may be shared site area. Manually reviewed against the recorded source by the student."
Parramatta,2/15-19 Early Street,2026-08-04,588000,https://www.realestate.com.au/sold/in-parramatta%2Bnsw%2B2150/list-1,https://www.realestate.com.au/sold/property-apartment-nsw-parramatta-151782036,2026-09-17,AI-assisted extraction of public web pages,Apartment,150,unlabelled result-card area,true,True,"Unlisted parking is missing, not zero. Strata land may be shared site area. Manually reviewed against the recorded source by the student."
Parramatta,214/354-366 Church Street,2026-08-03,497000,https://www.realestate.com.au/sold/in-parramatta%2Bnsw%2B2150/list-1,,2026-09-17,AI-assisted extraction of public web pages,Apartment,,,false,True,"Unlisted parking is missing, not zero. Strata land may be shared site area. Manually reviewed against the recorded source by the student."
Parramatta,412/31 Hassall Street,2026-08-03,432000,https://www.realestate.com.au/sold/in-parramatta%2Bnsw%2B2150/list-1,https://www.realestate.com.au/sold/property-unit-nsw-parramatta-148720200,2026-09-17,AI-assisted extraction of public web pages,Unit,,,true,True,"Unlisted parking is missing, not zero. Strata land may be shared site area. Manually reviewed against the recorded source by the student."
Parramatta,3001/11 Hassall St,2026-08-02,740000,https://www.realestate.com.au/sold/in-parramatta%2Bnsw%2B2150/list-1,https://www.realestate.com.au/sold/property-apartment-nsw-parramatta-151392796,2026-09-17,AI-assisted extraction of public web pages,Apartment,,,true,True,"Unlisted parking is missing, not zero. Strata land may be shared site area. Manually reviewed against the recorded source by the student."
Parramatta,124 Thomas Street,2026-06-27,2300000,https://www.realestate.com.au/sold/property-house-in-parramatta%2C%2Bnsw%2B2150/list-1,https://www.realestate.com.au/sold/property-house-nsw-parramatta-149921000,2026-09-17,AI-assisted extraction of public web pages,House,739,unlabelled result-card area,true,True,"Unlisted parking is missing, not zero. Manually reviewed against the recorded source by the student."
Parramatta,11 Pemberton Street,2026-05-27,1610000,https://www.realestate.com.au/sold/property-house-in-parramatta%2C%2Bnsw%2B2150/list-1,https://www.realestate.com.au/sold/property-house-nsw-parramatta-150740908,2026-09-17,AI-assisted extraction of public web pages,House,461.6,unlabelled result-card area,true,True,"Unlisted parking is missing, not zero. Manually reviewed against the recorded source by the student."
Parramatta,51 Gore Street,2026-05-16,1480000,https://www.realestate.com.au/sold/property-house-in-parramatta%2C%2Bnsw%2B2150/list-1,https://www.realestate.com.au/sold/property-house-nsw-parramatta-150946060,2026-09-17,AI-assisted extraction of public web pages,House,461.6,unlabelled result-card area,true,True,"Unlisted parking is missing, not zero. Manually reviewed against the recorded source by the student."
Parramatta,28 Marsden Street,2026-05-02,1555000,https://www.realestate.com.au/sold/property-house-in-parramatta%2C%2Bnsw%2B2150/list-1,https://www.realestate.com.au/sold/property-house-nsw-parramatta-150821940,2026-09-17,AI-assisted extraction of public web pages,House,505.9,unlabelled result-card area,true,True,"Unlisted parking is missing, not zero. Manually reviewed against the recorded source by the student."
Parramatta,13 Morton Street,2026-04-20,1800000,https://www.realestate.com.au/sold/property-house-in-parramatta%2C%2Bnsw%2B2150/list-1,https://www.realestate.com.au/sold/property-house-nsw-parramatta-150275348,2026-09-17,AI-assisted extraction of public web pages,House,461.6,unlabelled result-card area,true,True,"Unlisted parking is missing, not zero. Manually reviewed against the recorded source by the student."
Parramatta,58 Crimea Street,2026-02-09,1620000,https://www.realestate.com.au/sold/property-house-in-parramatta%2C%2Bnsw%2B2150/list-1,,2026-09-17,AI-assisted extraction of public web pages,House,613.4,unlabelled result-card area,false,True,"Unlisted parking is missing, not zero. Manually reviewed against the recorded source by the student."
Parramatta,114 Thomas Street,2025-12-13,1360000,https://www.realestate.com.au/sold/property-house-in-parramatta%2C%2Bnsw%2B2150/list-1,https://www.realestate.com.au/sold/property-house-nsw-parramatta-149699316,2026-09-17,AI-assisted extraction of public web pages,House,381,unlabelled result-card area,true,True,"Unlisted parking is missing, not zero. Manually reviewed against the recorded source by the student."
Parramatta,7 Trott Street,2025-12-06,1150000,https://www.realestate.com.au/sold/property-house-in-parramatta%2C%2Bnsw%2B2150/list-1,https://www.realestate.com.au/sold/property-house-nsw-parramatta-149619964,2026-09-17,AI-assisted extraction of public web pages,House,,,true,True,"Unlisted parking is missing, not zero. Manually reviewed against the recorded source by the student."
Parramatta,38 Inkerman Street,2025-11-15,2010500,https://www.realestate.com.au/sold/property-house-in-parramatta%2C%2Bnsw%2B2150/list-1,https://www.realestate.com.au/sold/property-house-nsw-parramatta-149366324,2026-09-17,AI-assisted extraction of public web pages,House,698.6,unlabelled result-card area,true,True,"Unlisted parking is missing, not zero. Manually reviewed against the recorded source by the student."
Parramatta,71 Pitt Street,2025-09-27,1771000,https://www.realestate.com.au/sold/property-house-in-parramatta%2C%2Bnsw%2B2150/list-1,https://www.realestate.com.au/sold/property-house-nsw-parramatta-148955968,2026-09-17,AI-assisted extraction of public web pages,House,455.3,unlabelled result-card area,true,True,"Unlisted parking is missing, not zero. Manually reviewed against the recorded source by the student."
Parramatta,9 Carrington Street,2025-09-20,1785000,https://www.realestate.com.au/sold/property-house-in-parramatta%2C%2Bnsw%2B2150/list-1,https://www.realestate.com.au/sold/property-house-nsw-parramatta-148833212,2026-09-17,AI-assisted extraction of public web pages,House,455,unlabelled result-card area,true,True,"Unlisted parking is missing, not zero. Manually reviewed against the recorded source by the student."
Mosman,7/10 Muston Street,2026-09-08,750000,https://www.realestate.com.au/sold/in-nsw-mosman/list-1,https://www.realestate.com.au/sold/property-apartment-nsw-mosman-152160876,2026-09-17,AI-assisted extraction of public web pages,Apartment,,,true,True,"Unlisted parking is missing, not zero. Strata land may be shared site area. Manually reviewed against the recorded source by the student."
Mosman,13/5 The Esplanade,2026-09-03,1450000,https://www.realestate.com.au/sold/in-nsw-mosman/list-1,https://www.realestate.com.au/sold/property-apartment-nsw-mosman-151967096,2026-09-17,AI-assisted extraction of public web pages,Apartment,,,true,True,"Unlisted parking is missing, not zero. Strata land may be shared site area. Manually reviewed against the recorded source by the student."
Mosman,G05/15-25 Myahgah Road,2026-08-31,4500000,https://www.realestate.com.au/sold/in-nsw-mosman/list-1,https://www.realestate.com.au/sold/property-apartment-nsw-mosman-151988036,2026-09-17,AI-assisted extraction of public web pages,Apartment,,,true,True,"Unlisted parking is missing, not zero. Strata land may be shared site area. Manually reviewed against the recorded source by the student."
Mosman,3/17 Milner Street,2026-08-21,790000,https://www.realestate.com.au/sold/in-nsw-mosman/list-1,https://www.realestate.com.au/sold/property-apartment-nsw-mosman-151579300,2026-09-17,AI-assisted extraction of public web pages,Apartment,,,true,True,"Unlisted parking is missing, not zero. Strata land may be shared site area. Manually reviewed against the recorded source by the student."
Mosman,111/116 Belmont Road,2026-08-19,930000,https://www.realestate.com.au/sold/in-nsw-mosman/list-1,https://www.realestate.com.au/sold/property-apartment-nsw-mosman-151841804,2026-09-17,AI-assisted extraction of public web pages,Apartment,74,unlabelled result-card area,true,True,"Unlisted parking is missing, not zero. Strata land may be shared site area. Manually reviewed against the recorded source by the student."
Mosman,4/139-153 Middle Head Road,2026-08-14,2600000,https://www.realestate.com.au/sold/in-nsw-mosman/list-1,https://www.realestate.com.au/sold/property-apartment-nsw-mosman-151781284,2026-09-17,AI-assisted extraction of public web pages,Apartment,,,true,True,"Unlisted parking is missing, not zero. Strata land may be shared site area. Manually reviewed against the recorded source by the student."
Mosman,14/669 Military Road,2026-08-12,1600000,https://www.realestate.com.au/sold/in-nsw-mosman/list-1,,2026-09-17,AI-assisted extraction of public web pages,Apartment,96,unlabelled result-card area,false,True,"Unlisted parking is missing, not zero. Strata land may be shared site area. Manually reviewed against the recorded source by the student."
Mosman,9/71 Avenue Road,2026-08-10,700000,https://www.realestate.com.au/sold/in-nsw-mosman/list-1,,2026-09-17,AI-assisted extraction of public web pages,Apartment,,,false,True,"Unlisted parking is missing, not zero. Strata land may be shared site area. Manually reviewed against the recorded source by the student."
Mosman,3/6 Brierley Street,2026-08-04,975000,https://www.realestate.com.au/sold/in-nsw-mosman/list-1,https://www.realestate.com.au/sold/property-apartment-nsw-mosman-151332820,2026-09-17,AI-assisted extraction of public web pages,Apartment,,,true,True,"Unlisted parking is missing, not zero. Strata land may be shared site area. Manually reviewed against the recorded source by the student."
Mosman,11/23 Warringah Road,2026-07-31,865000,https://www.realestate.com.au/sold/in-nsw-mosman/list-1,https://www.realestate.com.au/sold/property-apartment-nsw-mosman-151728984,2026-09-17,AI-assisted extraction of public web pages,Apartment,,,true,True,"Unlisted parking is missing, not zero. Strata land may be shared site area. Manually reviewed against the recorded source by the student."
Mosman,5 Botanic Road,2026-07-22,8700000,https://www.realestate.com.au/sold/in-nsw-mosman/list-1,https://www.realestate.com.au/sold/property-house-nsw-mosman-150195184,2026-09-17,AI-assisted extraction of public web pages,House,,,true,True,"Unlisted parking is missing, not zero. Manually reviewed against the recorded source by the student."
Mosman,8/6 Punch Street,2026-07-20,700000,https://www.realestate.com.au/sold/in-nsw-mosman/list-1,https://www.realestate.com.au/sold/property-apartment-nsw-mosman-151449168,2026-09-17,AI-assisted extraction of public web pages,Apartment,,,true,True,"Unlisted parking is missing, not zero. Strata land may be shared site area. Manually reviewed against the recorded source by the student."
Mosman,4/3 Millett Road,2026-07-16,1050000,https://www.realestate.com.au/sold/in-nsw-mosman/list-1,,2026-09-17,AI-assisted extraction of public web pages,Apartment,,,false,True,"Unlisted parking is missing, not zero. Strata land may be shared site area. Manually reviewed against the recorded source by the student."
Mosman,7/154 Raglan Street,2026-07-14,785000,https://www.realestate.com.au/sold/in-nsw-mosman/list-1,https://www.realestate.com.au/sold/property-unit-nsw-mosman-151380692,2026-09-17,AI-assisted extraction of public web pages,Unit,,,true,True,"Unlisted parking is missing, not zero. Strata land may be shared site area. Manually reviewed against the recorded source by the student."
Mosman,20/96 Ourimbah Road,2026-07-07,1030000,https://www.realestate.com.au/sold/in-nsw-mosman/list-1,https://www.realestate.com.au/sold/property-apartment-nsw-mosman-151578736,2026-09-17,AI-assisted extraction of public web pages,Apartment,,,true,True,"Unlisted parking is missing, not zero. Strata land may be shared site area. Manually reviewed against the recorded source by the student."
Mosman,4/125 Raglan Street,2026-07-07,990000,https://www.realestate.com.au/sold/in-nsw-mosman/list-1,https://www.realestate.com.au/sold/property-apartment-nsw-mosman-151333344,2026-09-17,AI-assisted extraction of public web pages,Apartment,,,true,True,"Unlisted parking is missing, not zero. Strata land may be shared site area. Manually reviewed against the recorded source by the student."
Mosman,22/96 Ourimbah Road,2026-07-03,1025000,https://www.realestate.com.au/sold/in-nsw-mosman/list-1,https://www.realestate.com.au/sold/property-apartment-nsw-mosman-151263404,2026-09-17,AI-assisted extraction of public web pages,Apartment,102.2,unlabelled result-card area,true,True,"Unlisted parking is missing, not zero. Strata land may be shared site area. Manually reviewed against the recorded source by the student."
Mosman,31/2B Brady Street,2026-06-29,1925000,https://www.realestate.com.au/sold/in-nsw-mosman/list-1,https://www.realestate.com.au/sold/property-apartment-nsw-mosman-151139368,2026-09-17,AI-assisted extraction of public web pages,Apartment,,,true,True,"Unlisted parking is missing, not zero. Strata land may be shared site area. Manually reviewed against the recorded source by the student."
Mosman,5B/699 Military Road,2026-06-17,1450000,https://www.realestate.com.au/sold/in-nsw-mosman/list-1,,2026-09-17,AI-assisted extraction of public web pages,Apartment,101,unlabelled result-card area,false,True,"Unlisted parking is missing, not zero. Strata land may be shared site area. Manually reviewed against the recorded source by the student."
Mosman,2/184 Raglan Street,2026-06-17,1237500,https://www.realestate.com.au/sold/in-nsw-mosman/list-1,https://www.realestate.com.au/sold/property-apartment-nsw-mosman-151410080,2026-09-17,AI-assisted extraction of public web pages,Apartment,,,true,True,"Unlisted parking is missing, not zero. Strata land may be shared site area. Manually reviewed against the recorded source by the student."
Mosman,10/116 Belmont Road,2026-06-10,2380000,https://www.realestate.com.au/sold/in-nsw-mosman/list-1,https://www.realestate.com.au/sold/property-townhouse-nsw-mosman-150433716,2026-09-17,AI-assisted extraction of public web pages,Townhouse,192,unlabelled result-card area,true,True,"Unlisted parking is missing, not zero. Manually reviewed against the recorded source by the student."
Mosman,16/5 The Esplanade,2026-06-06,1570000,https://www.realestate.com.au/sold/in-nsw-mosman/list-1,,2026-09-17,AI-assisted extraction of public web pages,Apartment,,,false,True,"Unlisted parking is missing, not zero. Strata land may be shared site area. Manually reviewed against the recorded source by the student."
Mosman,105 Holt Avenue,2026-06-05,3550000,https://www.realestate.com.au/sold/in-nsw-mosman/list-1,https://www.realestate.com.au/sold/property-house-nsw-mosman-151124468,2026-09-17,AI-assisted extraction of public web pages,House,,,true,True,"Unlisted parking is missing, not zero. Manually reviewed against the recorded source by the student."
Mosman,3/1A Oswald Street,2026-06-04,1140000,https://www.realestate.com.au/sold/in-nsw-mosman/list-1,https://www.realestate.com.au/sold/property-apartment-nsw-mosman-150626336,2026-09-17,AI-assisted extraction of public web pages,Apartment,,,true,True,"Unlisted parking is missing, not zero. Strata land may be shared site area. Manually reviewed against the recorded source by the student."
Mosman,96 Glover Street,2026-06-02,3390000,https://www.realestate.com.au/sold/property-house-in-mosman/list-1,https://www.realestate.com.au/sold/property-house-nsw-mosman-150415760,2026-09-17,AI-assisted extraction of public web pages,House,379,unlabelled result-card area,true,True,"Unlisted parking is missing, not zero. Manually reviewed against the recorded source by the student."
Mosman,14 Erith Street,2026-04-11,5300000,https://www.realestate.com.au/sold/property-house-in-mosman/list-1,,2026-09-17,AI-assisted extraction of public web pages,House,613,unlabelled result-card area,false,True,"Unlisted parking is missing, not zero. Manually reviewed against the recorded source by the student."
Mosman,130 Cowles Road,2026-04-11,4200000,https://www.realestate.com.au/sold/property-house-in-mosman/list-1,,2026-09-17,AI-assisted extraction of public web pages,House,,,false,True,"Unlisted parking is missing, not zero. Manually reviewed against the recorded source by the student."
Mosman,17 Morella Road,2026-03-31,23000000,https://www.realestate.com.au/sold/property-house-in-mosman/list-1,,2026-09-17,AI-assisted extraction of public web pages,House,961.1,unlabelled result-card area,false,True,"Unlisted parking is missing, not zero. Manually reviewed against the recorded source by the student."
Mosman,34 Rickard Avenue,2026-03-27,9000000,https://www.realestate.com.au/sold/property-house-in-mosman/list-1,,2026-09-17,AI-assisted extraction of public web pages,House,,,false,True,"Unlisted parking is missing, not zero. Manually reviewed against the recorded source by the student."
Mosman,10 Cyprian Street,2026-03-27,8500000,https://www.realestate.com.au/sold/property-house-in-mosman/list-1,,2026-09-17,AI-assisted extraction of public web pages,House,556.4,unlabelled result-card area,false,True,"Unlisted parking is missing, not zero. Manually reviewed against the recorded source by the student."
Mosman,29 Pearl Bay Avenue,2026-03-20,7198000,https://www.realestate.com.au/sold/property-house-in-mosman/list-1,,2026-09-17,AI-assisted extraction of public web pages,House,,,false,True,"Unlisted parking is missing, not zero. Manually reviewed against the recorded source by the student."
Mosman,31 Ryrie Street,2026-03-07,3900000,https://www.realestate.com.au/sold/property-house-in-mosman/list-1,,2026-09-17,AI-assisted extraction of public web pages,House,624,unlabelled result-card area,false,True,"Unlisted parking is missing, not zero. Manually reviewed against the recorded source by the student."
Mosman,53 Clanalpine Street,2026-03-06,7700000,https://www.realestate.com.au/sold/property-house-in-mosman/list-1,,2026-09-17,AI-assisted extraction of public web pages,House,511,unlabelled result-card area,false,True,"Unlisted parking is missing, not zero. Manually reviewed against the recorded source by the student."
Mosman,33 Spofforth Street,2026-03-02,5075000,https://www.realestate.com.au/sold/property-house-in-mosman/list-1,,2026-09-17,AI-assisted extraction of public web pages,House,,,false,True,"Unlisted parking is missing, not zero. Manually reviewed against the recorded source by the student."
Mosman,1 Bray Street,2026-02-27,3750000,https://www.realestate.com.au/sold/property-house-in-mosman/list-1,,2026-09-17,AI-assisted extraction of public web pages,House,296,unlabelled result-card area,false,True,"Unlisted parking is missing, not zero. Manually reviewed against the recorded source by the student."
