property_id,suburb,address,sale_date,sale_price,property_type,bedrooms,bathrooms,car_spaces,land_size_sqm,building_size_sqm,sale_year,sale_month,sale_quarter,days_since_first_sale,total_rooms_basic,bathrooms_per_bedroom,has_parking,car_spaces_missing,land_size_sqm_missing,building_size_sqm_missing,property_latitude,property_longitude,distance_to_sydney_gpo_km,distance_to_nearest_train_station_km,distance_to_nearest_bus_route_m,regular_bus_routes_within_250m,regular_bus_routes_within_500m,regular_bus_routes_within_1km
SYD-001,Blacktown,94 Lancelot Street,2026-08-18,950000,House,3,1,1.0,562.7,102.0,2026,8,3,332,4,0.3333333333333333,1,0,0,0,-33.7893164814816,150.90837546941674,28.992,2.259,27.6,1,1,6
SYD-002,Blacktown,5 Ajax Place,2026-08-17,1000000,House,3,2,2.0,594.0,94.0,2026,8,3,331,5,0.6666666666666666,1,0,0,0,-33.75160689198096,150.9265570648029,29.009,2.484,360.4,0,1,11
SYD-003,Blacktown,41 Anthony Street,2026-08-17,910000,House,3,1,1.0,682.9,106.0,2026,8,3,331,4,0.3333333333333333,1,0,0,0,-33.7501714630054,150.92147835173782,29.501,2.006,126.6,1,9,11
SYD-004,Blacktown,49/8-18 Wallace Street,2026-08-17,465000,Unit,2,2,3.0,,94.0,2026,8,3,331,4,1.0,1,0,1,0,-33.76854952193661,150.91308733160895,29.368,0.476,48.5,14,33,33
SYD-005,Blacktown,36/130 Main Street,2026-08-17,443000,Unit,2,2,1.0,,76.0,2026,8,3,331,4,1.0,1,0,1,0,-33.771957071285655,150.9110734659816,29.401,0.482,20.3,10,33,33
SYD-006,Blacktown,45 & 45a Dina Beth Avenue,2026-08-14,1250000,House,5,2,4.0,613.0,218.0,2026,8,3,328,7,0.4,1,0,0,0,-33.773203942946346,150.8859799250597,31.526,1.851,151.6,2,2,6
SYD-007,Blacktown,2/31 Third Avenue,2026-08-13,380000,Unit,1,1,1.0,,58.0,2026,8,3,327,2,1.0,1,0,1,0,-33.76481995057763,150.90934636703165,29.846,0.348,36.4,4,33,33
SYD-008,Blacktown,24/45 Bungarribee Road,2026-08-12,750000,Townhouse,3,2,1.0,,91.0,2026,8,3,326,5,0.6666666666666666,1,0,1,0,-33.7776331798198,150.91839069993551,28.543,1.407,104.2,9,10,11
SYD-009,Blacktown,12 Glamorgan Street,2026-08-11,1030000,House,3,1,1.0,556.0,,2026,8,3,325,4,0.3333333333333333,1,0,0,1,-33.78566129322691,150.90953119533094,29.017,1.864,159.7,1,1,7
SYD-010,Blacktown,41 Burrell Parade,2026-08-11,960000,House,3,1,2.0,556.0,100.0,2026,8,3,325,4,0.3333333333333333,1,0,0,0,-33.77823692178655,150.88589670347133,31.35,2.202,24.6,1,2,5
SYD-011,Blacktown,307/11-13 Clifton Street,2026-08-11,575000,Unit,2,2,1.0,,,2026,8,3,325,4,1.0,1,0,1,1,-33.76825277834968,150.91550993678672,29.173,0.694,77.7,1,14,33
SYD-012,Blacktown,9/8-18 Wallace Street,2026-08-11,491000,Unit,2,2,1.0,,94.0,2026,8,3,325,4,1.0,1,0,1,0,-33.76854952193661,150.91308733160895,29.368,0.476,48.5,14,33,33
SYD-013,Blacktown,24 Twilight Crescent,2026-08-10,1024000,House,3,2,2.0,177.0,131.0,2026,8,3,324,5,0.6666666666666666,1,0,0,0,-33.755238684248404,150.90117232899755,30.961,1.006,415.8,0,3,7
SYD-014,Blacktown,57 Walters Road,2026-08-08,1221000,House,3,1,1.0,835.0,,2026,8,3,322,4,0.3333333333333333,1,0,0,1,-33.776356072655275,150.89554885695273,30.575,1.335,33.6,1,5,15
SYD-015,Blacktown,59 Walters Road,2026-08-08,900000,House,3,1,1.0,562.8,109.0,2026,8,3,322,4,0.3333333333333333,1,0,0,0,-33.77649784695962,150.89546136850998,30.577,1.351,28.4,1,5,15
SYD-016,Blacktown,29/17-19 Third Avenue,2026-08-07,455000,Unit,2,1,1.0,,,2026,8,3,321,3,0.5,1,0,1,1,-33.76516199811842,150.9108052637063,29.707,0.388,29.2,14,33,33
SYD-017,Blacktown,12 Siebel Street,2026-08-05,1080000,House,5,2,1.0,560.0,,2026,8,3,319,7,0.4,1,0,0,1,-33.75854234107169,150.88903202571817,31.848,1.706,214.7,1,5,7
SYD-018,Blacktown,4/313 Flushcombe Road,2026-08-05,920000,Townhouse,3,2,2.0,236.0,121.0,2026,8,3,319,5,0.6666666666666666,1,0,0,0,-33.79446024614802,150.90424010765668,29.191,2.839,46.0,1,1,3
SYD-019,Blacktown,61/7 Griffiths Street,2026-08-05,410000,Unit,2,1,1.0,,84.0,2026,8,3,319,3,0.5,1,0,1,0,-33.773036137244695,150.9162157246994,28.914,0.94,110.3,10,10,33
SYD-020,Blacktown,5 Aliberti Drive,2026-08-03,1060000,House,3,2,1.0,441.5,,2026,8,3,317,5,0.6666666666666666,1,0,0,1,-33.78229080097032,150.88774794457737,31.046,2.31,144.8,2,2,3
SYD-021,Blacktown,12/15 DEVITT STREET,2026-08-03,465000,Unit,2,1,1.0,,63.0,2026,8,3,317,3,0.5,1,0,1,0,-33.77089544923128,150.91501393289306,29.105,0.734,250.8,0,22,33
SYD-022,Blacktown,34/25 Mantaka Street,2026-08-03,432000,Unit,2,1,1.0,,61.0,2026,8,3,317,3,0.5,1,0,1,0,-33.77427864344723,150.91753146661682,28.751,1.115,36.2,9,10,23
SYD-023,Blacktown,59 Lancaster Street,2026-07-31,900000,House,3,2,3.0,600.7,,2026,7,3,314,5,0.6666666666666666,1,0,0,1,-33.77513409396646,150.89173106210467,30.953,1.565,28.8,1,5,7
SYD-024,Blacktown,68 Eggleton Street,2026-07-30,900000,House,3,1,2.0,600.0,,2026,7,3,313,4,0.3333333333333333,1,0,0,1,-33.751359755058175,150.9243284222198,29.206,2.293,159.6,1,1,12
SYD-025,Blacktown,53 Pelleas Street,2026-07-29,1700000,House,7,4,2.0,584.0,253.0,2026,7,3,312,11,0.5714285714285714,1,0,0,0,-33.7897243873819,150.9135043090568,28.527,2.378,64.8,1,1,4
SYD-026,Blacktown,42 Burke Street,2026-09-11,1260000,House,5,3,6.0,626.0,,2026,9,3,356,8,0.6,1,0,0,1,-33.78381431897526,150.89533728910175,30.327,1.965,67.9,1,2,5
SYD-027,Blacktown,52 Balmoral Street,2026-09-08,1300000,House,4,1,1.0,696.77,99.0,2026,9,3,353,5,0.25,1,0,0,0,-33.7741949646959,150.90276957573627,30.029,0.694,33.0,7,14,33
SYD-028,Blacktown,9 Kirkman Road,2026-09-03,1070000,House,4,1,2.0,638.0,,2026,9,3,348,5,0.25,1,0,0,1,-33.7739012688621,150.90094466183888,30.199,0.778,123.6,7,15,33
SYD-029,Blacktown,17 Carinya Street,2026-09-01,1600000,House,3,1,1.0,1182.4,116.0,2026,9,3,346,4,0.3333333333333333,1,0,0,0,-33.770579029708706,150.9016115819352,30.272,0.526,184.0,7,16,33
SYD-030,Blacktown,38-38A Burrell Parade,2026-08-28,1480000,House,5,3,4.0,563.0,,2026,8,3,342,8,0.6,1,0,0,1,-33.778541006872935,150.88474095962917,31.44,2.157,24.2,1,2,5
SYD-031,Blacktown,39 Burke Street,2026-08-26,1500000,House,5,3,2.0,604.0,285.0,2026,8,3,340,8,0.6,1,0,0,0,-33.78342173251642,150.89614132223292,30.27,1.888,123.6,1,2,4
SYD-032,Blacktown,19 Stephen Street,2026-08-26,1062500,House,3,1,1.0,575.4,,2026,8,3,340,4,0.3333333333333333,1,0,0,1,-33.755652022320454,150.9168598583591,29.622,1.575,169.5,9,9,12
SYD-033,Blacktown,130 Bungarribee Road,2026-08-24,1150000,House,3,1,1.0,670.0,,2026,8,3,338,4,0.3333333333333333,1,0,0,1,-33.77751173582162,150.9060609698352,29.617,0.947,33.5,2,14,17
SYD-034,Blacktown,36 Bedford Road,2026-08-24,1007500,House,3,2,4.0,651.0,,2026,8,3,338,5,0.6666666666666666,1,0,0,1,-33.758902666167266,150.91585437771013,29.555,1.223,134.2,9,10,14
SYD-035,Blacktown,13 Lancaster Street,2026-08-22,1900000,House,7,4,6.0,739.8,,2026,8,3,336,11,0.5714285714285714,1,0,0,1,-33.76826595539997,150.89293545346516,31.112,1.294,36.8,5,5,12
SYD-036,Parramatta,C26/88-98 Marsden Street,2026-08-27,552000,Unit,2,2,1.0,,100.0,2026,8,3,341,4,1.0,1,0,1,0,-33.82010578894532,150.99935292615496,19.958,0.553,248.3,1,24,42
SYD-037,Parramatta,15/1 Good Street,2026-08-27,480000,Unit,2,1,1.0,,,2026,8,3,341,3,0.5,1,0,1,1,-33.81779157621115,150.99404881381807,20.5,0.962,55.8,7,18,42
SYD-038,Parramatta,1417/32 Hunter Street (AKA 1417/45 Macquarie St),2026-08-25,560000,Unit,1,1,1.0,,76.0,2026,8,3,339,2,1.0,1,0,1,0,-33.81540747132656,151.0011746578395,19.943,0.362,114.6,18,42,42
SYD-039,Parramatta,16L/15 Campbell Street,2026-08-25,405000,Unit,1,1,1.0,,74.0,2026,8,3,339,2,1.0,1,0,1,0,-33.81860377552789,150.99929064442338,20.009,0.496,253.5,0,24,42
SYD-040,Parramatta,805/21 Hassall Street,2026-08-24,410000,Unit,1,1,0.0,,49.0,2026,8,3,338,2,1.0,0,0,1,0,-33.81797462964242,151.00939987123422,19.133,0.285,18.5,27,42,42
SYD-041,Parramatta,1502/88 Church Street,2026-08-21,800000,Unit,2,2,1.0,,,2026,8,3,335,4,1.0,1,0,1,1,-33.81945166044817,151.00416826852987,19.55,0.211,24.7,42,42,42
SYD-042,Parramatta,41/3 Good Street,2026-08-21,641000,Unit,2,2,1.0,,132.0,2026,8,3,335,4,1.0,1,0,1,0,-33.81779157621115,150.99404881381807,20.5,0.962,55.8,7,18,42
SYD-043,Parramatta,219/88 Church Street,2026-08-21,600000,Unit,1,1,1.0,,72.0,2026,8,3,335,2,1.0,1,0,1,0,-33.81945166044817,151.00416826852987,19.55,0.211,24.7,42,42,42
SYD-044,Parramatta,401/8 River Road,2026-08-21,550000,Unit,2,2,1.0,,81.0,2026,8,3,335,4,1.0,1,0,1,0,-33.81613269314741,151.0194050352037,18.314,0.553,257.0,0,5,12
SYD-045,Parramatta,11/22-24 Tennyson Street,2026-08-17,650000,Unit,2,2,1.0,,87.0,2026,8,3,331,4,1.0,1,0,1,0,-33.811734319256374,151.02234894959008,18.217,0.682,49.7,1,7,12
SYD-046,Parramatta,53/20 Victoria Road,2026-08-13,640000,Unit,2,2,1.0,,122.0,2026,8,3,327,4,1.0,1,0,1,0,-33.8079824365517,151.00679377339017,19.711,1.019,85.1,19,20,21
SYD-047,Parramatta,2/1-7 Bobart Street,2026-08-12,780000,Townhouse,2,1,1.0,,96.0,2026,8,3,326,3,0.5,1,0,1,0,-33.82030535402736,150.99713040597004,20.151,0.746,105.4,7,13,42
SYD-048,Parramatta,3637/180 George Street,2026-08-12,623000,Unit,1,1,0.0,,,2026,8,3,326,2,1.0,0,0,1,1,-33.81433874980019,151.0100503424276,19.197,0.523,87.6,1,26,42
SYD-049,Parramatta,5/5 Thomas Street,2026-08-12,530000,Unit,2,1,1.0,,81.0,2026,8,3,326,3,0.5,1,0,1,0,-33.81056421511859,151.00956089120317,19.374,0.842,150.2,19,20,42
SYD-050,Parramatta,3/11 O'Reilly Street,2026-08-11,657000,Unit,2,2,1.0,,145.0,2026,8,3,325,4,1.0,1,0,1,0,-33.81975717080734,150.995337269381,20.326,0.881,69.5,7,19,42
SYD-051,Parramatta,1001/1A Morton Street,2026-08-07,635000,Unit,2,2,1.0,,127.0,2026,8,3,321,4,1.0,1,0,1,0,-33.81392971443844,151.01608803997848,18.682,0.946,248.0,1,1,28
SYD-052,Parramatta,4/39 Great Western Highway,2026-08-07,560000,Unit,2,1,1.0,,68.0,2026,8,3,321,3,0.5,1,0,1,0,-33.81980548665841,151.00041079230178,19.873,0.453,270.2,0,42,42
SYD-053,Parramatta,5/13 Queens Avenue,2026-08-07,435000,Unit,1,1,1.0,,40.0,2026,8,3,321,2,1.0,1,0,1,0,-33.812273197865366,151.01060731034784,19.221,0.738,287.8,0,21,42
SYD-054,Parramatta,902/22 Charles Street,2026-08-07,400000,Unit,1,1,1.0,,81.0,2026,8,3,321,2,1.0,1,0,1,0,-33.81564330467083,151.00961010345222,19.191,0.393,62.1,1,37,42
SYD-055,Parramatta,404/23 Hassall Street,2026-08-04,680000,Unit,2,2,1.0,,124.0,2026,8,3,318,4,1.0,1,0,1,0,-33.818002346267924,151.01002942946278,19.076,0.343,34.6,6,37,42
SYD-056,Parramatta,2/15-19 Early Street,2026-08-04,588000,Unit,2,1,1.0,,150.0,2026,8,3,318,3,0.5,1,0,1,0,-33.821261084588485,151.00143789407,19.739,0.499,99.2,4,6,42
SYD-057,Parramatta,214/354-366 Church Street,2026-08-03,497000,Unit,1,1,0.0,,58.0,2026,8,3,317,2,1.0,0,0,1,0,-33.80981188622286,151.00546361739325,19.759,0.8,34.8,20,21,42
SYD-058,Parramatta,412/31 Hassall Street,2026-08-03,432000,Unit,1,1,1.0,,,2026,8,3,317,2,1.0,1,0,1,1,-33.817911317053166,151.01055669971794,19.033,0.391,35.2,6,37,42
SYD-059,Parramatta,3001/11 Hassall St,2026-08-02,740000,Unit,2,2,1.0,,,2026,8,3,316,4,1.0,1,0,1,1,-33.818489233794146,151.0083297065071,19.211,0.198,51.8,27,42,42
SYD-060,Parramatta,124 Thomas Street,2026-06-27,2300000,House,3,1,1.0,739.0,,2026,6,2,280,4,0.3333333333333333,1,0,0,1,-33.81267064280125,151.0212327817187,18.279,0.772,131.1,1,6,12
SYD-061,Parramatta,11 Pemberton Street,2026-05-27,1610000,House,3,1,1.0,461.6,,2026,5,2,249,4,0.3333333333333333,1,0,0,1,-33.81186180497693,151.01978141478708,18.436,0.908,280.7,0,7,12
SYD-062,Parramatta,51 Gore Street,2026-05-16,1480000,House,3,1,1.0,461.6,,2026,5,2,238,4,0.3333333333333333,1,0,0,1,-33.809067956576186,151.0167465339338,18.806,1.183,48.0,6,6,21
SYD-063,Parramatta,28 Marsden Street,2026-05-02,1555000,House,3,1,1.0,505.9,,2026,5,2,224,4,0.3333333333333333,1,0,0,1,-33.8251208577539,150.99954932695212,19.8,0.76,244.4,1,7,43
SYD-064,Parramatta,13 Morton Street,2026-04-20,1800000,House,4,3,2.0,461.6,,2026,4,2,212,7,0.75,1,0,0,1,-33.81161568994784,151.0170762022185,18.68,1.065,279.4,0,6,25
SYD-065,Parramatta,58 Crimea Street,2026-02-09,1620000,House,3,2,2.0,613.0,,2026,2,1,142,5,0.6666666666666666,1,0,0,1,-33.82287645649433,150.9940068982486,20.357,1.135,119.0,4,8,26
SYD-066,Parramatta,114 Thomas Street,2025-12-13,1360000,House,3,2,1.0,381.0,,2025,12,4,84,5,0.6666666666666666,1,0,0,1,-33.81261670653486,151.0203920410903,18.354,0.808,208.6,1,7,12
SYD-067,Parramatta,7 Trott Street,2025-12-06,1150000,House,2,1,2.0,289.0,,2025,12,4,77,3,0.5,1,0,0,1,-33.80573974741226,151.0032418143267,20.104,1.257,65.0,10,15,22
SYD-068,Parramatta,38 Inkerman Street,2025-11-15,2010500,House,3,2,4.0,698.6,,2025,11,4,56,5,0.6666666666666666,1,0,0,1,-33.823653750073774,151.00044899678366,19.759,0.649,119.5,1,7,42
SYD-069,Parramatta,71 Pitt Street,2025-09-27,1771000,House,6,2,5.0,455.3,,2025,9,3,7,8,0.3333333333333333,1,0,0,1,-33.82611192432336,150.99411605263046,20.261,1.142,29.0,4,4,15
SYD-070,Parramatta,9 Carrington Street,2025-09-20,1785000,House,5,3,2.0,455.0,,2025,9,3,0,8,0.6,1,0,0,1,-33.8240961941882,150.99585364840073,20.158,1.076,76.7,4,4,26
SYD-071,Mosman,7/10 Muston Street,2026-09-08,750000,Unit,1,1,0.0,,,2026,9,3,353,2,1.0,0,0,1,1,-33.83189842426861,151.24541275505482,5.294,3.418,62.2,7,7,12
SYD-072,Mosman,13/5 The Esplanade,2026-09-03,1450000,Unit,1,1,0.0,,,2026,9,3,348,2,1.0,0,0,1,1,-33.82731936343696,151.2515040123849,6.048,4.155,94.2,2,2,12
SYD-073,Mosman,G05/15-25 Myahgah Road,2026-08-31,4500000,Unit,2,2,2.0,,,2026,8,3,345,4,1.0,1,0,1,1,-33.82541510039048,151.2406903781143,5.607,3.459,93.0,8,10,12
SYD-074,Mosman,3/17 Milner Street,2026-08-21,790000,Unit,1,1,0.0,,,2026,8,3,335,2,1.0,0,0,1,1,-33.83297022044004,151.24158771731106,4.975,3.049,27.4,4,7,12
SYD-075,Mosman,111/116 Belmont Road,2026-08-19,930000,Unit,1,1,1.0,,74.0,2026,8,3,333,2,1.0,1,0,1,0,-33.82749458234989,151.23187295043084,5.002,2.708,34.3,9,9,12
SYD-076,Mosman,4/139-153 Middle Head Road,2026-08-14,2600000,Unit,3,2,2.0,,,2026,8,3,328,5,0.6666666666666666,1,0,1,1,-33.83203316184881,151.2449683926487,5.255,3.375,21.6,7,7,12
SYD-077,Mosman,14/669 Military Road,2026-08-12,1600000,Unit,2,1,1.0,,,2026,8,3,326,3,0.5,1,0,1,1,-33.8266835573145,151.2435174649521,5.639,3.574,30.3,6,12,12
SYD-078,Mosman,9/71 Avenue Road,2026-08-10,700000,Unit,1,1,1.0,,,2026,8,3,324,2,1.0,1,0,1,1,-33.83262984916347,151.23740022104457,4.772,2.734,26.5,3,3,12
SYD-079,Mosman,3/6 Brierley Street,2026-08-04,975000,Unit,2,1,0.0,,68.0,2026,8,3,318,3,0.5,0,0,1,0,-33.833112765646646,151.23149228606513,4.434,2.258,60.9,1,3,12
SYD-080,Mosman,11/23 Warringah Road,2026-07-31,865000,Unit,1,1,1.0,,,2026,7,3,314,2,1.0,1,0,1,1,-33.817617567435484,151.2446030656524,6.534,4.303,74.3,4,4,9
SYD-081,Mosman,5 Botanic Road,2026-07-22,8700000,House,4,3,2.0,437.0,,2026,7,3,305,7,0.75,1,0,0,1,-33.82964145550937,151.24884487467244,5.692,3.815,122.6,2,7,12
SYD-082,Mosman,8/6 Punch Street,2026-07-20,700000,Unit,1,1,0.0,,46.0,2026,7,3,303,2,1.0,0,0,1,0,-33.823027858112965,151.24379634332732,5.987,3.849,27.2,5,8,12
SYD-083,Mosman,4/3 Millett Road,2026-07-16,1050000,Unit,2,1,1.0,,,2026,7,3,299,3,0.5,1,0,1,1,-33.83337312443962,151.23545596072026,4.602,2.538,59.6,2,3,13
SYD-084,Mosman,7/154 Raglan Street,2026-07-14,785000,Unit,1,1,1.0,,,2026,7,3,297,2,1.0,1,0,1,1,-33.8326056195261,151.24103952512706,4.975,3.024,34.4,3,7,12
SYD-085,Mosman,20/96 Ourimbah Road,2026-07-07,1030000,Unit,2,1,1.0,,,2026,7,3,290,3,0.5,1,0,1,1,-33.82174750598776,151.2331829464372,5.631,3.197,98.7,1,8,12
SYD-086,Mosman,4/125 Raglan Street,2026-07-07,990000,Unit,2,1,0.0,,,2026,7,3,290,3,0.5,0,0,1,1,-33.833336201806866,151.2409753340678,4.908,2.98,27.1,3,7,12
SYD-087,Mosman,22/96 Ourimbah Road,2026-07-03,1025000,Unit,2,1,1.0,,102.2,2026,7,3,286,3,0.5,1,0,1,0,-33.82174750598776,151.2331829464372,5.631,3.197,98.7,1,8,12
SYD-088,Mosman,31/2B Brady Street,2026-06-29,1925000,Unit,3,2,2.0,,,2026,6,2,282,5,0.6666666666666666,1,0,1,1,-33.82334337227358,151.23949258424295,5.745,3.535,69.2,8,8,12
SYD-089,Mosman,5B/699 Military Road,2026-06-17,1450000,Unit,2,1,1.0,,,2026,6,2,270,3,0.5,1,0,1,1,-33.82723137301135,151.2436856829968,5.599,3.551,29.8,7,12,12
SYD-090,Mosman,2/184 Raglan Street,2026-06-17,1237500,Unit,2,1,1.0,,,2026,6,2,270,3,0.5,1,0,1,1,-33.83143998841423,151.24307002790093,5.193,3.251,29.2,7,7,12
SYD-091,Mosman,10/116 Belmont Road,2026-06-10,2380000,Townhouse,3,2,2.0,192.0,159.0,2026,6,2,263,5,0.6666666666666666,1,0,0,0,-33.82749458234989,151.23187295043084,5.002,2.708,34.3,9,9,12
SYD-092,Mosman,16/5 The Esplanade,2026-06-06,1570000,Unit,1,1,1.0,,,2026,6,2,259,2,1.0,1,0,1,1,-33.82731936343696,151.2515040123849,6.048,4.155,94.2,2,2,12
SYD-093,Mosman,105 Holt Avenue,2026-06-05,3550000,House,4,3,0.0,,,2026,6,2,258,7,0.75,0,0,1,1,-33.8306512030127,151.2302949672847,4.623,2.359,42.2,8,10,12
SYD-094,Mosman,3/1A Oswald Street,2026-06-04,1140000,Unit,2,1,,,,2026,6,2,257,3,0.5,0,1,1,1,-33.833784535256015,151.2320567568364,4.396,2.254,27.3,2,2,11
SYD-095,Mosman,96 Glover Street,2026-06-02,3390000,House,4,3,2.0,379.0,,2026,6,2,255,7,0.75,1,0,0,1,-33.82845961752204,151.23118921390846,4.878,2.594,72.0,9,10,12
SYD-096,Mosman,14 Erith Street,2026-04-11,5300000,House,4,3,1.0,613.0,258.0,2026,4,2,203,7,0.75,1,0,0,0,-33.825047362083616,151.23162989211886,5.238,2.85,18.1,8,11,12
SYD-097,Mosman,130 Cowles Road,2026-04-11,4200000,House,5,2,1.0,412.0,,2026,4,2,203,7,0.4,1,0,0,1,-33.82137739222625,151.2387124490819,5.899,3.617,81.1,1,8,10
SYD-098,Mosman,17 Morella Road,2026-03-31,23000000,House,4,3,2.0,961.1,421.0,2026,3,1,192,7,0.75,1,0,0,0,-33.84004153657243,151.2514044494614,5.077,3.658,29.6,1,1,4
SYD-099,Mosman,34 Rickard Avenue,2026-03-27,9000000,House,7,3,2.0,721.0,,2026,3,1,188,10,0.4285714285714285,1,0,0,1,-33.84002860154959,151.23934771736558,4.248,2.57,285.2,0,4,6
SYD-100,Mosman,10 Cyprian Street,2026-03-27,8500000,House,4,3,2.0,556.0,,2026,3,1,188,7,0.75,1,0,0,1,-33.81315756618339,151.24661304987652,7.055,4.76,67.1,3,3,5
SYD-101,Mosman,29 Pearl Bay Avenue,2026-03-20,7198000,House,4,3,3.0,658.0,,2026,3,1,181,7,0.75,1,0,0,1,-33.809632283923804,151.24225296114315,7.208,4.606,32.3,3,3,4
SYD-102,Mosman,31 Ryrie Street,2026-03-07,3900000,House,5,3,2.0,624.0,,2026,3,1,168,8,0.6,1,0,0,1,-33.81458469451366,151.24255119275074,6.731,4.373,81.8,3,3,5
SYD-103,Mosman,53 Clanalpine Street,2026-03-06,7700000,House,5,5,4.0,511.0,300.0,2026,3,1,167,10,1.0,1,0,0,0,-33.83620827885923,151.24097514582422,4.663,2.846,206.6,1,4,7
SYD-104,Mosman,33 Spofforth Street,2026-03-02,5075000,House,4,3,3.0,462.0,220.0,2026,3,1,163,7,0.75,1,0,0,0,-33.834451043009246,151.22933154562892,4.207,2.009,28.1,1,2,12
SYD-105,Mosman,1 Bray Street,2026-02-27,3750000,House,3,2,1.0,296.0,,2026,2,1,160,5,0.6666666666666666,1,0,0,1,-33.82033478277301,151.23477792528902,5.836,3.412,115.1,1,8,11
